{"cameraMode":{"drawMode":0,"name":"Shaded","section":"Shading Mode"},"sceneLighting":false,"audioPlay":false,"sceneViewState":{"showFog":false,"showMaterialUpdate":false,"showSkybox":true,"showFlares":true,"showImageEffects":true,"showParticleSystems":true},"in2DMode":false,"pivot":{"x":-18.06999969482422,"y":0.25,"z":-27.600000381469728},"rotation":{"x":-0.3590356111526489,"y":-0.007317124865949154,"z":0.0029464128892868759,"w":-0.9333840012550354},"size":7.139441967010498,"orthographic":false}